Workbook

Sheet 📊 Dashboard
B2: PROVIDER CREDENTIALING TRACKER
B3: Riverside Medical Group · Sample Data — Replace with your practice name · Last updated: auto
B5: TOTAL APPLICATIONS | D5: ✅ APPROVED | F5: ⏳ PENDING | H5: 🚨 ACTION NEEDED | J5: 📆 OVERDUE FOLLOW-UPS
B6: =COUNTA(Tracker!B5:B1000) | D6: =COUNTIF(Tracker!G5:G1000,"Approved") | F6: =COUNTIF(Tracker!G5:G1000,"Pending") | H6: =COUNTIF(Tracker!G5:G1000,"Info Requested") | J6: =COUNTIF(Tracker!I5:I1000,"<"&TODAY())
B8: → Go to the Tracker tab to enter applications. Status dropdowns, overdue flags, and all KPIs above update automatically.

Sheet Tracker
A1: CREDENTIALING APPLICATION TRACKER
A2: Enter one row per payer per provider. Status dropdown auto-updates KPIs on Dashboard. Overdue = Follow-Up Date < Today.
A4: PROVIDER NAME | B4: NPI | C4: PAYER | D4: APP TYPE | E4: DATE SUBMITTED | F4: DAYS SINCE SUB | G4: STATUS | H4: FOLLOW-UP DATE | I4: OVERDUE? | J4: TARGET EFFECTIVE | K4: ACTUAL EFFECTIVE | L4: CONTRACT RATE | M4: ANNUAL IMPACT | N4: NOTES
A5: Dr. Sarah Chen, MD | B5: 1234567890 | C5: Medicare (PECOS) | D5: Initial Enrollment | E5: 46176 | F5: =IF(E5="","",TODAY()-E5) | G5: Pending | H5: 46197 | I5: =IF(H5="","",IF(AND(H5<TODAY(),G5<>"Approved"),"⚠️ OVERDUE","OK")) | N5: PECOS #45921
A6: Dr. Sarah Chen, MD | B6: 1234567890 | C6: BCBS Tennessee | D6: Commercial | E6: 46178 | F6: =IF(E6="","",TODAY()-E6) | G6: Info Requested | H6: 46180 | I6: =IF(H6="","",IF(AND(H6<TODAY(),G6<>"Approved"),"⚠️ OVERDUE","OK")) | N6: AIR: needs updated CV
A7: Dr. Sarah Chen, MD | B7: 1234567890 | C7: Aetna | D7: Commercial | E7: 46170 | F7: =IF(E7="","",TODAY()-E7) | G7: Approved | I7: =IF(H7="","",IF(AND(H7<TODAY(),G7<>"Approved"),"⚠️ OVERDUE","OK")) | J7: 46204 | K7: 46204 | L7: 105% Medicare | M7: 840000 | N7: Test claim OK
A8: Dr. Marcus Webb, DO | B8: 9876543210 | C8: UnitedHealthcare | D8: Commercial | E8: 46183 | F8: =IF(E8="","",TODAY()-E8) | G8: Pending | H8: 46204 | I8: =IF(H8="","",IF(AND(H8<TODAY(),G8<>"Approved"),"⚠️ OVERDUE","OK")) | N8: Portal ref UHC-88241
A9: Dr. Marcus Webb, DO | B9: 9876543210 | C9: Cigna | D9: Commercial | E9: 46183 | F9: =IF(E9="","",TODAY()-E9) | G9: Submitted | H9: 46204 | I9: =IF(H9="","",IF(AND(H9<TODAY(),G9<>"Approved"),"⚠️ OVERDUE","OK")) | N9: Fax confirmation received
F10: =IF(E10="","",TODAY()-E10) | I10: =IF(H10="","",IF(AND(H10<TODAY(),G10<>"Approved"),"⚠️ OVERDUE","OK"))
F11: =IF(E11="","",TODAY()-E11) | I11: =IF(H11="","",IF(AND(H11<TODAY(),G11<>"Approved"),"⚠️ OVERDUE","OK"))
F12: =IF(E12="","",TODAY()-E12) | I12: =IF(H12="","",IF(AND(H12<TODAY(),G12<>"Approved"),"⚠️ OVERDUE","OK"))
F13: =IF(E13="","",TODAY()-E13) | I13: =IF(H13="","",IF(AND(H13<TODAY(),G13<>"Approved"),"⚠️ OVERDUE","OK"))
F14: =IF(E14="","",TODAY()-E14) | I14: =IF(H14="","",IF(AND(H14<TODAY(),G14<>"Approved"),"⚠️ OVERDUE","OK"))
F15: =IF(E15="","",TODAY()-E15) | I15: =IF(H15="","",IF(AND(H15<TODAY(),G15<>"Approved"),"⚠️ OVERDUE","OK"))
F16: =IF(E16="","",TODAY()-E16) | I16: =IF(H16="","",IF(AND(H16<TODAY(),G16<>"Approved"),"⚠️ OVERDUE","OK"))
F17: =IF(E17="","",TODAY()-E17) | I17: =IF(H17="","",IF(AND(H17<TODAY(),G17<>"Approved"),"⚠️ OVERDUE","OK"))
F18: =IF(E18="","",TODAY()-E18) | I18: =IF(H18="","",IF(AND(H18<TODAY(),G18<>"Approved"),"⚠️ OVERDUE","OK"))
F19: =IF(E19="","",TODAY()-E19) | I19: =IF(H19="","",IF(AND(H19<TODAY(),G19<>"Approved"),"⚠️ OVERDUE","OK"))
F20: =IF(E20="","",TODAY()-E20) | I20: =IF(H20="","",IF(AND(H20<TODAY(),G20<>"Approved"),"⚠️ OVERDUE","OK"))
F21: =IF(E21="","",TODAY()-E21) | I21: =IF(H21="","",IF(AND(H21<TODAY(),G21<>"Approved"),"⚠️ OVERDUE","OK"))
... F54: =IF(E54="","",TODAY()-E54) | I54: =IF(H54="","",IF(AND(H54<TODAY(),G54<>"Approved"),"⚠️ OVERDUE","OK"))

Sheet 📖 Legend & Help
B2: STATUS COLOUR LEGEND
B4: Not Started | C4: Application not yet submitted
B5: Submitted | C5: Application sent — awaiting acknowledgment
B6: Pending | C6: In payer review queue — follow up every 3 weeks
B7: Info Requested | C7: ⚠️ Payer needs documents — respond within 48 hours
B8: Approved | C8: ✅ Credentialing approved — confirm effective date
B9: Effective | C9: Live and billing — verify test claim processed
B10: Denied | C10: Rejected — see notes for reason and appeal plan
B11: Re-cred Due | C11: Re-credentialing deadline within 90 days
